Workbook

Sheet Dashboard
B2: BEANTRACK
B3: Inventory & Operations Dashboard
B5: total.products | C5: x | E5: low.stock | F5: x | H5: active.products | I5: x | K5: inventory.value | L5: x
B6: TOTAL PRODUCTOS | E6: STOCK BAJO | H6: PRODUCTOS ACTIVOS | K6: VALOR INVENTARIO
B7: =Analysis!D6 -> 23 | E7: =Analysis!D7 -> 3 | H7: =Analysis!D8 -> 22 | K7: =Analysis!D10 -> 8027.5
B9: stock.by.product | F9: x | H9: products.by.category | L9: x
B59: inventory.alerts | D59: x | F59: expiry.alerts | I59: x
B60: ALERTAS DE INVENTARIO | F60: ALERTAS DE VENCIMIENTO
B61: Producto | C61: Stock | D61: Estado | F61: Producto | G61: Vencimiento | H61: Días restantes | I61: Estado
B62: {=_xlfn._xlws.FILTER(BeanTrack_Productos[nombre],BeanTrack_Productos[stock]<=BeanTrack_Productos[stock_minimo],"")} -> Iced Latte | C62: =_xlfn.XLOOKUP(B62,BeanTrack_Productos[nombre],BeanTrack_Productos[stock]) -> 6 | D62: =IF(C62<=5,"CRÍTICO","STOCK BAJO") -> STOCK BAJO | F62: {=_xlfn._xlws.FILTER(Analysis!X16:Z38,Analysis!Z16:Z38<=30,"Sin alertas")} -> Iced Latte | G62: 46237 | H62: -17 | I62: =IF(H62<0,"VENCIDO",IF(H62<=7,"PRÓXIMO A VENCER","VIGENTE")) -> VENCIDO
B63: Brownie | C63: =_xlfn.XLOOKUP(B63,BeanTrack_Productos[nombre],BeanTrack_Productos[stock]) -> 7 | D63: =IF(C63<=5,"CRÍTICO","STOCK BAJO") -> STOCK BAJO | F63: Frappé de Vainilla | G63: 46237 | H63: -17 | I63: =IF(H63<0,"VENCIDO",IF(H63<=7,"PRÓXIMO A VENCER","VIGENTE")) -> VENCIDO
B64: Croissant | C64: =_xlfn.XLOOKUP(B64,BeanTrack_Productos[nombre],BeanTrack_Productos[stock]) -> 4 | D64: =IF(C64<=5,"CRÍTICO","STOCK BAJO") -> CRÍTICO | F64: Limonada | G64: 46235 | H64: -19 | I64: =IF(H64<0,"VENCIDO",IF(H64<=7,"PRÓXIMO A VENCER","VIGENTE")) -> VENCIDO
F65: Pancakes Clásicos | G65: 46233 | H65: -21 | I65: =IF(H65<0,"VENCIDO",IF(H65<=7,"PRÓXIMO A VENCER","VIGENTE")) -> VENCIDO
F66: Waffles | G66: 46233 | H66: -21 | I66: =IF(H66<0,"VENCIDO",IF(H66<=7,"PRÓXIMO A VENCER","VIGENTE")) -> VENCIDO
F67: Tostadas Francesas | G67: 46233 | H67: -21 | I67: =IF(H67<0,"VENCIDO",IF(H67<=7,"PRÓXIMO A VENCER","VIGENTE")) -> VENCIDO
F68: Jamón y Queso | G68: 46232 | H68: -22 | I68: =IF(H68<0,"VENCIDO",IF(H68<=7,"PRÓXIMO A VENCER","VIGENTE")) -> VENCIDO
F69: Pollo | G69: 46232 | H69: -22 | I69: =IF(H69<0,"VENCIDO",IF(H69<=7,"PRÓXIMO A VENCER","VIGENTE")) -> VENCIDO
F70: Vegetariano | G70: 46232 | H70: -22 | I70: =IF(H70<0,"VENCIDO",IF(H70<=7,"PRÓXIMO A VENCER","VIGENTE")) -> VENCIDO
F71: Brownie | G71: 46231 | H71: -23 | I71: =IF(H71<0,"VENCIDO",IF(H71<=7,"PRÓXIMO A VENCER","VIGENTE")) -> VENCIDO
F72: Cheesecake | G72: 46231 | H72: -23 | I72: =IF(H72<0,"VENCIDO",IF(H72<=7,"PRÓXIMO A VENCER","VIGENTE")) -> VENCIDO
F73: Galleta con Chispas | G73: 46239 | H73: -15 | I73: =IF(H73<0,"VENCIDO",IF(H73<=7,"PRÓXIMO A VENCER","VIGENTE")) -> VENCIDO
F74: Croissant | G74: 46232 | H74: -22 | I74: =IF(H74<0,"VENCIDO",IF(H74<=7,"PRÓXIMO A VENCER","VIGENTE")) -> VENCIDO
F75: Muffin | G75: 46236 | H75: -18 | I75: =IF(H75<0,"VENCIDO",IF(H75<=7,"PRÓXIMO A VENCER","VIGENTE")) -> VENCIDO
F76: Donut | G76: 46238 | H76: -16 | I76: =IF(H76<0,"VENCIDO",IF(H76<=7,"PRÓXIMO A VENCER","VIGENTE")) -> VENCIDO
F80: Excel project by jtz

Sheet Data
B2: data.products | J2: x
B3: id_producto | C3: nombre | D3: descripcion | E3: precio | F3: stock | G3: stock_minimo | H3: fecha_vencimiento | I3: activo | J3: id_categoria
B4: 29 | C4: Espresso | D4: Café espresso tradicional | E4: 9 | F4: 41 | G4: 10 | H4: 46752 | I4: 1 | J4: 1
B5: 30 | C5: Americano | D5: Café americano | E5: 9.5 | F5: 50 | G5: 10 | H5: 46752 | I5: 1 | J5: 1
B6: 31 | C6: Latte | D6: Café con leche | E6: 12.5 | F6: 50 | G6: 10 | H6: 46752 | I6: 1 | J6: 1
B7: 32 | C7: Cappuccino | D7: Espuma de leche y espresso | E7: 14 | F7: 50 | G7: 10 | H7: 46752 | I7: 1 | J7: 1
B8: 33 | C8: Mocha | D8: Chocolate y espresso | E8: 14.5 | F8: 50 | G8: 10 | H8: 46752 | I8: 1 | J8: 1
B9: 34 | C9: Té Verde | D9: Infusión de té verde | E9: 8 | F9: 40 | G9: 10 | H9: 46934 | I9: 1 | J9: 2
B10: 35 | C10: Té Negro | D10: Infusión de té negro | E10: 8 | F10: 40 | G10: 10 | H10: 46934 | I10: 1 | J10: 2
B11: 36 | C11: Manzanilla | D11: Infusión de manzanilla | E11: 7.5 | F11: 40 | G11: 10 | H11: 46934 | I11: 1 | J11: 2
B12: 37 | C12: Iced Latte | D12: Latte frío | E12: 14 | F12: 6 | G12: 8 | H12: 46237 | I12: 1 | J12: 3
B13: 38 | C13: Frappé de Vainilla | D13: Frappé de vainilla | E13: 16 | F13: 30 | G13: 8 | H13: 46237 | I13: 1 | J13: 3
B14: 39 | C14: Limonada | D14: Limonada natural | E14: 9.5 | F14: 30 | G14: 8 | H14: 46235 | I14: 1 | J14: 3
B15: 40 | C15: Pancakes Clásicos | D15: Pancakes con miel | E15: 18.5 | F15: 20 | G15: 5 | H15: 46233 | I15: 1 | J15: 4
... B26: 51 | C26: Donut | D26: Donut glaseado | E26: 6.5 | F26: 25 | G26: 5 | H26: 46238 | I26: 0 | J26: 7
D36: Excel project by jtz

Sheet Analysis
B2: analysis.inventory | D2: x | F2: products.by.category | H2: x
F3: ANÁLISIS POR CATEGORÍA
B4: inventory.summary | D4: x | F4: Categoría | G4: Cantidad de productos | H4: Precio promedio
B5: Indicador | D5: Valor | F5: Café | G5: =COUNTIF(BeanTrack_Productos[id_categoria],1) -> 5 | H5: =AVERAGEIF(BeanTrack_Productos[id_categoria],1,BeanTrack_Productos[precio]) -> 11.9
B6: Total de productos | D6: =COUNTA(BeanTrack_Productos[nombre]) -> 23 | F6: Té | G6: =COUNTIF(BeanTrack_Productos[id_categoria],2) -> 3 | H6: =AVERAGEIF(BeanTrack_Productos[id_categoria],2,BeanTrack_Productos[precio]) -> 7.8333333
B7: Productos con stock bajo | D7: {=SUMPRODUCT(--(BeanTrack_Productos[stock]<=BeanTrack_Productos[stock_minimo]))} -> 3 | F7: Bebidas Frías | G7: =COUNTIF(BeanTrack_Productos[id_categoria],3) -> 3 | H7: =AVERAGEIF(BeanTrack_Productos[id_categoria],3,BeanTrack_Productos[precio]) -> 13.166667
B8: Productos activos | D8: =SUM(BeanTrack_Productos[activo]) -> 22 | F8: Desayunos | G8: =COUNTIF(BeanTrack_Productos[id_categoria],4) -> 3 | H8: =AVERAGEIF(BeanTrack_Productos[id_categoria],4,BeanTrack_Productos[precio]) -> 18.5
B9: Productos inactivos | D9: =COUNTIF(BeanTrack_Productos[activo],0) -> 1 | F9: Sándwiches | G9: =COUNTIF(BeanTrack_Productos[id_categoria],5) -> 3 | H9: =AVERAGEIF(BeanTrack_Productos[id_categoria],5,BeanTrack_Productos[precio]) -> 15.666667
B10: Valor total del inventario | D10: =SUMPRODUCT(BeanTrack_Productos[precio],BeanTrack_Productos[stock]) -> 8027.5 | F10: Postres | G10: =COUNTIF(BeanTrack_Productos[id_categoria],6) -> 3 | H10: =AVERAGEIF(BeanTrack_Productos[id_categoria],6,BeanTrack_Productos[precio]) -> 9.1666667
B11: Precio promedio | D11: =AVERAGE(BeanTrack_Productos[precio]) -> 11.956522 | F11: Snacks | G11: =COUNTIF(BeanTrack_Productos[id_categoria],7) -> 3 | H11: =AVERAGEIF(BeanTrack_Productos[id_categoria],7,BeanTrack_Productos[precio]) -> 7.5
B13: stock.analysis | C13: x | E13: stock.by.product | V13: x | X13: expiry.analysis | Z13: x
B14: ANÁLISIS DE STOCK | X14: PRODUCTOS PRÓXIMOS A VENCER
B15: Producto | C15: Stock | X15: Productos | Y15: Fecha de vencimiento | Z15: Días restantes
B16: {=BeanTrack_Productos[nombre]} -> Espresso | C16: {=BeanTrack_Productos[stock]} -> 41 | X16: {=BeanTrack_Productos[nombre]} -> Espresso | Y16: {=BeanTrack_Productos[fecha_vencimiento]} -> 46752 | Z16: {=BeanTrack_Productos[fecha_vencimiento]-TODAY()} -> 498
B17: Americano | C17: 50 | X17: Americano | Y17: 46752 | Z17: 498
B18: Latte | C18: 50 | X18: Latte | Y18: 46752 | Z18: 498
B19: Cappuccino | C19: 50 | X19: Cappuccino | Y19: 46752 | Z19: 498
B20: Mocha | C20: 50 | X20: Mocha | Y20: 46752 | Z20: 498
B21: Té Verde | C21: 40 | X21: Té Verde | Y21: 46934 | Z21: 680
B22: Té Negro | C22: 40 | X22: Té Negro | Y22: 46934 | Z22: 680
B23: Manzanilla | C23: 40 | X23: Manzanilla | Y23: 46934 | Z23: 680
B24: Iced Latte | C24: 6 | X24: Iced Latte | Y24: 46237 | Z24: -17
B25: Frappé de Vainilla | C25: 30 | X25: Frappé de Vainilla | Y25: 46237 | Z25: -17
B26: Limonada | C26: 30 | X26: Limonada | Y26: 46235 | Z26: -19
B27: Pancakes Clásicos | C27: 20 | X27: Pancakes Clásicos | Y27: 46233 | Z27: -21
B28: Waffles | C28: 20 | X28: Waffles | Y28: 46233 | Z28: -21
... B38: Donut | C38: 25 | X38: Donut | Y38: 46238 | Z38: -16
H42: Excel project by jtz
